Actual_Close,Predicted_Close
143.10000610351562,141.84019541779833
170.41700744628906,168.19917375920497
238.00999450683594,241.37394266845988
332.1099853515625,329.05709594698783
144.69749450683594,144.89166667936522
433.5899963378906,430.52602538357394
270.7099914550781,271.4443936114244
369.489990234375,365.09375638342124
466.239990234375,466.1008053698556
245.35000610351562,244.16996070716036
109.41999816894531,109.95705778365469
448.3699951171875,444.67915519038854
329.67999267578125,333.4547713629337
185.1300048828125,184.90025860189957
188.6300048828125,187.19123231431658
136.54299926757812,135.2182718858871
168.5399932861328,169.4221137778702
191.80999755859375,190.4296977938806
176.3800048828125,179.38032190443857
177.7899932861328,178.2982654709273
192.1699981689453,189.74825375394985
170.69000244140625,169.78795292985237
99.22000122070312,98.39871867921052
197.9499969482422,197.18330397912152
155.0,155.939609142513
514.0499877929688,514.6866336762679
149.02999877929688,148.32605878128328
155.1999969482422,157.05285721752173
281.739990234375,285.1042061850944
360.5899963378906,364.6467829607258
147.60000610351562,148.95576448919448
472.1199951171875,475.1792203134237
287.44000244140625,289.10929189642843
158.11549377441406,154.21699297843062
120.5999984741211,120.09574286834359
174.72000122070312,174.15060364530984
148.9185028076172,148.79453048114482
185.85000610351562,182.41106533568916
388.8800048828125,385.41493832365654
249.02000427246094,246.9565357636089
129.9600067138672,132.8867906296945
125.16999816894531,127.2020776971099
350.8399963378906,349.73813411598235
142.63999938964844,146.03062700224754
248.08999633789062,247.07853526348907
118.93000030517578,119.24374941217347
392.42999267578125,392.34702297991305
145.49000549316406,144.03036950249282
223.3000030517578,220.27308766579586
129.27000427246094,129.34778505111515
402.69000244140625,402.6727228819634
174.44900512695312,176.63824175515697
416.8500061035156,426.04188376706963
222.02999877929688,220.00323531929558
118.20999908447266,116.39105426534512
284.95001220703125,269.8869777238273
134.1699981689453,132.30834226683282
183.32000732421875,183.4979395295513
176.05999755859375,174.7385994219397
176.5399932861328,178.70433465802176
88.9000015258789,89.01831464431476
405.6499938964844,408.29438011496006
132.3699951171875,131.21226169155292
513.4299926757812,513.9167088898445
175.38999938964844,174.14989429094354
429.1700134277344,427.3381817823654
250.4600067138672,251.35131078990352
354.3999938964844,357.3303637237857
222.5399932861328,225.8713779772423
172.39999389648438,172.3338282908725
163.99000549316406,162.18162425273482
161.02000427246094,156.4986091383099
460.3599853515625,458.92212296551565
425.8500061035156,435.0000254640797
88.0199966430664,88.83171075781955
185.07000732421875,183.6190302939246
283.3333435058594,287.5449094486297
257.1300048828125,256.3489931434325
137.01699829101562,137.51116531420823
391.20001220703125,396.49696594268323
125.48999786376953,127.18280698789681
280.2699890136719,287.3827028349515
245.69000244140625,244.75920372015221
151.3699951171875,149.51131012107254
151.07000732421875,150.33616534812145
323.010009765625,327.6374988332477
463.0199890136719,447.07788488142955
167.3000030517578,169.04830570695856
155.49000549316406,152.4143887457927
269.0,269.0355408152117
427.0,430.5801991680577
222.00999450683594,221.22662516301156
335.8399963378906,334.00132451505795
133.6199951171875,134.46796027501017
174.4499969482422,172.2851962811641
249.85000610351562,255.8078252144394
156.8699951171875,157.6938138171324
244.3699951171875,244.38946048760144
150.0399932861328,151.68580045122138
165.32000732421875,165.74731787396948
259.510009765625,253.3007357312072
232.97999572753906,230.65467186911852
98.36000061035156,97.74420231770216
94.93000030517578,96.71884682290882
150.07000732421875,149.40247418708833
177.2899932861328,174.07085533882193
333.54998779296875,330.7918201931924
370.7300109863281,368.6135653828426
328.6600036621094,329.968217060979
329.30999755859375,334.8749043021154
247.77000427246094,246.74739783570016
94.51000213623047,95.22235240836996
194.35000610351562,194.40875449817406
427.0,423.39389464546355
227.74000549316406,225.06890762675056
294.8500061035156,295.20667336475015
424.5799865722656,427.42425904943707
347.7900085449219,351.09785403875935
122.27999877929688,123.09822258718766
421.80999755859375,421.0375563523505
304.55999755859375,302.257246172398
263.260009765625,263.0582567776596
235.74000549316406,233.81851183267386
170.42999267578125,171.7214633494184
411.04998779296875,417.3042096286125
211.7100067138672,211.5545143142604
224.57000732421875,227.81581725801388
415.2799987792969,409.93580800216307
509.7699890136719,512.7867922668102
232.14999389648438,232.6265144907067
164.0399932861328,164.42914974536885
330.8800048828125,328.2394513965752
337.3399963378906,335.3707590882491
169.3000030517578,170.57044766588447
102.05999755859375,101.08906391853284
297.80999755859375,298.68819314872655
140.52000427246094,139.753550986271
172.25999450683594,177.46771278576065
224.17999267578125,227.80773122002964
260.2900085449219,259.9317077791417
152.19000244140625,151.5852091051188
404.3500061035156,394.03613285810934
335.9700012207031,336.350823740839
357.3699951171875,354.29762456864034
164.75999450683594,165.47208650124074
107.63999938964844,104.97682394053189
162.92999267578125,164.98006942279753
300.4700012207031,299.2585784240281
174.0,176.19059183171902
310.6666564941406,311.3227322688133
147.07000732421875,149.87587752472683
180.75,181.49184003517885
189.58999633789062,189.43539218884686
252.6199951171875,253.57140459352004
287.0199890136719,289.49501759183806
169.9600067138672,169.4221981681342
100.61000061035156,99.15203868291387
189.7899932861328,189.88904588946403
142.18299865722656,143.63985421969952
256.4800109863281,256.5525779680627
161.25999450683594,159.93196437790124
226.77999877929688,227.69991330441698
290.7300109863281,294.4008951412537
314.8900146484375,317.1701823987157
138.83999633789062,137.2212399519056
132.42950439453125,131.86780484671746
138.3800048828125,142.57647262585093
185.05999755859375,183.3865303336185
115.14649963378906,114.03271977528789
116.44999694824219,117.66291397863631
166.52000427246094,166.75250174756198
379.3999938964844,377.54769148540174
181.22000122070312,182.90513914135582
270.2099914550781,277.6050760657462
296.30999755859375,295.20011549789547
159.1199951171875,159.1236992725262
231.44000244140625,231.96484511641344
337.79998779296875,347.7869609604081
334.0,333.10341989804294
265.8999938964844,263.60455644413264
310.1099853515625,309.15556062970063
258.7099914550781,255.241702236012
273.7799987792969,273.15651191298457
90.7300033569336,92.35555844183696
277.3500061035156,282.15234423426773
191.0399932861328,190.16149970319393
373.1099853515625,373.8513684672333
187.35000610351562,184.9369402653749
200.3000030517578,202.17484541389285
425.2699890136719,421.41754367299336
93.70999908447266,94.88446796237179
262.989990234375,265.46211017926623
296.989990234375,296.700344883149
108.37999725341797,108.3209143223234
246.6300048828125,248.8637188471948
119.55000305175781,120.3056917987026
255.4499969482422,256.3146222006983
143.28700256347656,144.69997250110399
173.7899932861328,173.03652756699822
241.1999969482422,237.63799574667848
255.02000427246094,251.8568365195961
218.36000061035156,222.0903455172408
330.0,332.2729211406479
177.4499969482422,178.38400079462215
452.1600036621094,450.15477860829503
313.8599853515625,313.7444117259505
99.05999755859375,96.5391309974949
186.10000610351562,184.1294769546473
223.80999755859375,225.15837946864698
168.5399932861328,171.53655380602058
100.88999938964844,100.69381843922505
161.3800048828125,161.45904816188013
292.0299987792969,286.36007829276116
273.80999755859375,273.28859855243206
542.0700073242188,548.085309869731
141.5919952392578,141.30773783794044
177.97000122070312,179.38642663028352
354.55999755859375,364.12730236676043
228.02999877929688,226.62010492245267
151.60000610351562,152.16918655841326
304.3599853515625,301.2447963750518
110.86000061035156,110.89264150578673
139.52000427246094,137.76540969968144
99.97000122070312,99.60799905296824
256.55999755859375,253.56557300887167
267.260009765625,269.48487556484304
141.11000061035156,140.56161811261276
161.83999633789062,163.20295306453121
165.75,167.912328679302
305.4100036621094,306.9339444652022
293.2966613769531,289.37772724160004
194.02999877929688,193.55701125729192
438.9700012207031,439.4692643998102
99.62999725341797,100.03856842346946
503.32000732421875,500.3105384859314
299.239990234375,296.59812124294376
106.80999755859375,107.09296930197682
273.54998779296875,275.71876339673713
255.75999450683594,257.30741741938357
439.3299865722656,436.0186258463425
150.64999389648438,153.42870118183131
418.7799987792969,416.1765274248776
188.7100067138672,187.27650432761192
365.4599914550781,366.0448842471375
185.00999450683594,185.05961354192513
325.44000244140625,326.93778539089476
520.5599975585938,521.525605696389
497.45001220703125,494.4943097397073
130.25,129.37983416139318
416.55999755859375,413.5933750926398
97.25,94.99154764708801
298.8699951171875,296.0446540810043
223.35000610351562,222.40718663455976
145.99000549316406,147.1691896809459
146.32000732421875,147.53584322366675
214.35000610351562,215.45615458383887
148.69000244140625,149.63035528400127
428.1499938964844,428.5215408115075
173.5399932861328,173.8936052196141
235.5,234.98539388296538
381.6300048828125,375.299052852463
413.7200012207031,415.6422378692514
395.260009765625,390.4742361928388
129.77999877929688,130.63044221803793
169.3800048828125,171.43759901774862
133.8000030517578,133.5270358948992
228.92999267578125,229.95749948698426
413.6400146484375,409.553523521809
125.95099639892578,128.74366196183567
87.36000061035156,88.18337119995357
523.6099853515625,522.8021637526368
332.55999755859375,332.08952659670535
165.20700073242188,166.05634091518257
247.49000549316406,247.52689491293833
308.1300048828125,308.35406042340026
325.3299865722656,317.9715133961827
321.20001220703125,323.50888190707985
138.10000610351562,137.55586802801068
176.27999877929688,176.13128934528228
173.74000549316406,179.172016420601
337.7966613769531,336.71582485216345
151.60000610351562,153.07813326649384
210.66000366210938,219.86338163315966
205.74000549316406,206.5776515541921
417.7900085449219,414.1172066416632
421.05999755859375,430.4144249104404
487.4800109863281,486.8982811073845
390.739990234375,388.47139935537814
238.5,240.8770569253895
333.260009765625,330.2056606867055
125.3499984741211,132.24756973673448
172.99000549316406,171.5122868023439
361.9200134277344,363.5086805022072
212.27999877929688,209.51987172235465
182.0,184.2400002293024
138.00999450683594,136.42674869387014
423.739990234375,418.7539518669337
529.239990234375,525.6868850882239
117.47000122070312,116.81461491258699
410.9200134277344,411.83112795961074
363.30999755859375,363.9343085639299
251.60000610351562,247.54776782468187
209.8699951171875,212.69710354909395
227.5,228.65777189254823
185.57000732421875,188.66010587117964
319.9100036621094,311.9285982121311
123.52999877929688,125.21436536745934
251.66000366210938,252.62903238387295
325.9200134277344,323.41094841049505
271.8599853515625,272.81539549034153
413.5400085449219,409.60857240398957
104.72000122070312,104.70195830438686
211.99000549316406,215.78014956254702
372.19000244140625,363.5068671255043
152.50999450683594,153.57307849809743
425.29998779296875,424.1508802881392
326.7900085449219,326.42857283738897
130.4029998779297,132.68750192540028
330.5299987792969,330.2281524227768
195.41000366210938,195.2626327847893
160.30999755859375,162.43775207049745
130.02999877929688,130.6728481680146
230.0399932861328,235.50044802386097
247.66000366210938,248.24766968059853
335.94000244140625,336.0960291324815
202.0399932861328,210.73186116426953
333.1300048828125,331.2170463189434
206.3800048828125,204.49003172097818
131.27000427246094,130.07731877434176
222.55999755859375,222.65447589728055
310.9200134277344,307.5671793851118
153.50999450683594,152.46680571385616
244.16000366210938,243.6231719270874
157.22000122070312,159.5559395446044
328.489990234375,333.2307799308767
153.85000610351562,152.18685671250358
221.10000610351562,224.3898858489451
126.36000061035156,127.10759320032733
292.5033264160156,291.66578115201526
308.30999755859375,312.3208471098719
308.5799865722656,292.9633785294536
227.17999267578125,227.52904557820275
286.1499938964844,287.8721022436797
381.8166809082031,368.1892360501431
176.39999389648438,175.37896023174295
424.57000732421875,424.590650949208
109.22000122070312,111.39166874896026
179.8000030517578,178.6357874193296
434.55999755859375,427.55497654717
121.52999877929688,121.94106564588866
256.44000244140625,257.0499607130746
235.0,233.35256318066962
406.010009765625,414.67844044850085
179.4499969482422,176.7973873385213
310.8566589355469,309.6303608282532
140.38999938964844,142.37848429821955
394.4599914550781,398.8918629825755
169.91000366210938,168.76809328272603
189.8699951171875,189.89329816412138
93.68000030517578,94.53195670618595
177.6199951171875,176.19170196964998
184.88999938964844,184.8446819369133
484.9200134277344,485.72667519941615
88.44999694824219,89.3411011951594
238.25,240.7079596245388
96.62999725341797,94.92217894951588
175.33999633789062,179.86267871845743
157.27999877929688,156.84357530616066
186.67999267578125,186.13920626507544
190.72000122070312,187.33785618408112
268.739990234375,263.4396050750905
325.73333740234375,337.8584799644823
390.3399963378906,395.83873797274225
307.260009765625,305.43027806965495
391.7900085449219,395.3277183999852
330.2200012207031,334.6717455022932
425.42999267578125,422.5910187306728
93.97000122070312,93.21118370037445
273.04998779296875,271.65468974590124
431.20001220703125,429.9192450794178
224.19000244140625,223.18059652560984
118.52249908447266,116.8602386554577
136.1699981689453,136.65620773907128
259.5799865722656,256.91928547778764
192.52999877929688,193.41118109441638
509.2300109863281,511.78251459964747
298.2099914550781,298.5615982203776
140.9499969482422,139.42576302566397
83.12000274658203,84.79238527468985
183.1999969482422,176.86432155303012
386.8399963378906,386.87759533589144
144.8699951171875,145.51052894210963
138.91400146484375,139.64068014705364
164.8699951171875,166.26014274154338
165.02000427246094,165.45024417598503
270.6400146484375,271.9705051136584
423.5400085449219,419.08648753523573
240.61000061035156,236.38810169402595
296.7699890136719,291.6169364582827
239.42999267578125,251.32899629298683
485.55999755859375,488.0785886266067
297.27667236328125,303.0107558696758
349.9800109863281,346.9074582188224
254.0399932861328,256.35480568756725
274.3900146484375,276.15181121869534
235.00999450683594,232.937171052862
223.8300018310547,221.3554485008955
200.4499969482422,193.295636555966
448.9599914550781,444.58183513659594
337.97332763671875,336.0119827991025
411.1499938964844,411.8304306612873
390.5799865722656,389.8322600988997
210.57000732421875,210.81880033868904
173.02999877929688,172.828659157609
193.22000122070312,195.34666499690965
437.5,440.71905835954453
156.69000244140625,155.73532293826457
284.2799987792969,285.05695755149475
139.22999572753906,138.43096799482427
175.22000122070312,174.58006986229552
396.989990234375,392.27786685515684
149.99000549316406,148.91759366555428
275.5,276.5133695623498
503.510009765625,502.1548493695259
175.60000610351562,173.51369813549397
213.07000732421875,212.03060146635303
173.1699981689453,172.78170283292096
114.80000305175781,115.06035591668649
105.44999694824219,107.54284376938978
423.3500061035156,421.4506442228477
171.86000061035156,173.06243342880018
170.7530059814453,172.0117107781768
270.2300109863281,268.7591413661846
154.4604949951172,156.2128293737239
224.72000122070312,224.30036594530702
176.27499389648438,176.0081239565915
168.99049377441406,166.43856341530773
88.2300033569336,87.3429350005173
114.83550262451172,116.52766496949764
160.3699951171875,161.20089791478742
339.32000732421875,337.28652618472177
230.57000732421875,229.75460280722663
150.8699951171875,152.9727038025846
185.55999755859375,183.18804714286796
145.3699951171875,145.2576122197198
94.12999725341797,93.70486557116263
176.64999389648438,174.98606273337356
276.3666687011719,300.2221103987797
144.42950439453125,142.90705970612436
293.0799865722656,296.0696581614443
228.8699951171875,228.75692088529635
166.63999938964844,171.45021559036476
242.39999389648438,250.47668086563718
470.9200134277344,470.19852530327455
314.3500061035156,311.2771269607416
193.57000732421875,191.45368305630498
156.8000030517578,160.68081061676617
152.78500366210938,152.04039808090076
185.27000427246094,186.78981688315676
219.38999938964844,222.26311156043576
138.27000427246094,137.19040042563907
443.3299865722656,445.11543700571303
142.77000427246094,142.45230569299238
189.41000366210938,190.1979878272654
129.0800018310547,129.0729816372513
362.7066650390625,377.7772140590772
209.2100067138672,212.09500677171175
185.9499969482422,183.96080106296208
501.010009765625,500.9749317943857
322.2699890136719,319.54425973201955
102.16999816894531,101.00463199205086
101.38999938964844,101.87366311962957
232.77999877929688,233.42644240429095
256.9200134277344,259.6369434578319
287.1499938964844,282.33486399850995
480.5799865722656,476.5119489176527
218.16000366210938,217.31770689595757
221.72000122070312,221.1561948321938
197.3699951171875,204.4646475662234
167.66000366210938,168.3597776253729
135.67999267578125,135.04618920823847
136.25,134.7115409748303
130.0,130.72543282505436
303.9966735839844,304.48542597698906
265.2300109863281,265.67732833212494
443.2099914550781,445.04141980738757
148.7899932861328,148.91060165715098
176.1645050048828,175.2935223564266
258.05999755859375,258.503524545117
374.3699951171875,374.7835919837494
116.58300018310547,114.34114009271667
115.06999969482422,114.95936481657131
327.7300109863281,330.8259469066512
198.4199981689453,197.58072953718386
507.9700012207031,505.0617493020171
138.2100067138672,137.49475313746547
277.5199890136719,285.0606512560372
220.32000732421875,216.90318810222456
252.99000549316406,257.9309551563506
492.0199890136719,489.7663928735087
225.08999633789062,228.95495538169894
197.1999969482422,194.9463323749762
199.33999633789062,199.70485279187156
125.05000305175781,124.12010702959816
153.75,158.4478122693571
220.4600067138672,219.82242852657134
511.70001220703125,508.1022727546392
173.5,174.31470839979593
175.89999389648438,175.6829704914797
428.3500061035156,421.44072794753754
253.8699951171875,249.15706220384428
415.1199951171875,416.62347395676295
375.1199951171875,375.1792297715658
311.2099914550781,309.1050815162844
109.02999877929688,111.68287108844993
128.3699951171875,127.53694143769113
229.5399932861328,226.64143720713207
300.17999267578125,300.0498994639129
142.10000610351562,142.38920713270372
383.25,384.2266497321351
171.77000427246094,172.8109399839593
139.10000610351562,138.64492643342336
365.0,380.6544259407382
122.55999755859375,123.74113334878035
169.50999450683594,168.8734301376286
292.1300048828125,293.68050676233554
245.52999877929688,243.2269890502691
167.22999572753906,167.58812944141926
174.4199981689453,176.32054240671783
150.8699951171875,150.6062485325297
528.5700073242188,522.521012302613
271.489990234375,268.41934335408973
144.83999633789062,144.21369448106702
421.42999267578125,422.53888081624723
150.17999267578125,148.61064609320567
232.75999450683594,231.83089356434616
297.0466613769531,300.1436013228655
130.22000122070312,130.96521523003972
239.5800018310547,242.1034639960189
418.3500061035156,418.16375578899715
149.97000122070312,149.21773245611132
181.19000244140625,181.94863472521192
345.7300109863281,344.90421354749753
123.18000030517578,121.82198178468033
167.07899475097656,166.8933877799153
220.66000366210938,223.13977932952483
186.88999938964844,186.82845783357757
393.8299865722656,394.40269087007573
122.87000274658203,123.18268415123343
162.77999877929688,164.18964053041165
162.36000061035156,161.85037777376178
142.80999755859375,143.1156674880559
140.8000030517578,140.96980637447905
135.8800048828125,135.0955342951226
168.47000122070312,171.4607133196323
165.6199951171875,164.90957554174528
427.8699951171875,425.44650312469696
343.1099853515625,343.25642189399457
154.07000732421875,155.306480304473
297.8399963378906,298.61600256981023
105.29000091552734,104.74202285593071
384.2799987792969,381.568713477552
163.2935028076172,161.8623728043324
143.77999877929688,139.86972394526458
244.19000244140625,246.27167152021286
179.24000549316406,176.37324084993105
238.47000122070312,236.929349025088
167.11000061035156,165.96453444225315
136.44900512695312,138.32985628437356
424.5899963378906,425.1399508477067
227.17999267578125,225.99985793401618
128.36000061035156,128.20205407158335
433.7200012207031,443.08491079381054
174.9199981689453,178.37254718650124
222.4199981689453,215.0795758656445
138.58700561523438,141.00232570595085
110.33999633789062,113.44390230038827
232.13999938964844,230.09866171923863
145.17999267578125,143.58622023082663
188.86000061035156,187.77434531307293
169.24000549316406,169.57694138978567
167.52200317382812,169.56401434456274
173.86000061035156,170.36306866610929
233.05999755859375,230.09725482817262
383.2699890136719,382.3218374084282
274.1099853515625,277.7874387926129
223.75,221.6885786632039
297.3900146484375,293.9671090405217
102.44000244140625,103.32931367835158
328.5799865722656,325.8191474105041
313.510009765625,313.8757164608759
122.20999908447266,121.9680293094425
405.7200012207031,405.92757504395183
366.5233459472656,366.33824210593446
127.9000015258789,128.51877517290427
371.0400085449219,374.5140763073633
176.22999572753906,179.01495488157892
182.41000366210938,183.0646836652256
196.8699951171875,195.38849463740436
415.75,418.3206203249506
172.6300048828125,171.0934846211109
338.3233337402344,353.111685246285
97.5199966430664,97.26825287379745
157.64999389648438,157.5725651941651
266.44000244140625,262.0374586735277
148.11000061035156,148.16654037323212
285.260009765625,289.8261325943821
250.64666748046875,248.54061367755853
212.5,209.9574405071019
355.94000244140625,349.03654413460765
445.70001220703125,444.60332381465935
104.0999984741211,103.8443133109345
424.82000732421875,422.15372278323525
268.80999755859375,266.2657933277791
245.7066650390625,240.10308793220952
219.86000061035156,221.07437333280345
235.4199981689453,233.72099590867032
265.44000244140625,261.9578369246117
120.30000305175781,120.69657002677214
150.82000732421875,149.71524658366545
322.2300109863281,324.8453706847562
132.57000732421875,132.8736817005089
188.32000732421875,188.82287329696717
237.06666564941406,236.4873312774075
166.7169952392578,168.38232411681477
246.52999877929688,247.91486968901876
222.17999267578125,219.89108323997354
435.7900085449219,436.36860150341056
148.0469970703125,147.96025294863793
303.1300048828125,303.0281069908301
140.3699951171875,141.21211338068306
165.90550231933594,167.33030557966933
192.72000122070312,196.63719335488835
434.2099914550781,435.2451827568642
284.70001220703125,307.68638635705224
294.3800048828125,293.1429456710897
180.0,183.1150124740872
170.27999877929688,168.78643499419232
172.38999938964844,172.34433275253954
195.75,193.54621645610527
135.36000061035156,136.2188544835446
470.6700134277344,472.0741603346603
249.94000244140625,252.2279421052543
336.3399963378906,335.7559284794081
245.00999450683594,253.1444518343868
86.19999694824219,87.04853287739368
173.75,173.63117811026464
142.96600341796875,141.83488807277794
175.22799682617188,179.13645522991706
177.47999572753906,177.1378498223319
240.8300018310547,246.65624132136432
395.010009765625,402.17913960161843
145.5399932861328,144.80668638351884
185.10000610351562,180.59710507194794
243.0399932861328,247.3167446181744
135.77000427246094,135.5055869921838
91.12999725341797,91.11069423381518
188.50999450683594,191.06318462283153
321.79998779296875,317.75264661220444
193.88999938964844,196.37452546603132
153.72000122070312,156.82008536337733
199.74000549316406,198.0014675339464
191.3300018310547,190.77243533354502
213.75,214.15949240231973
142.5500030517578,141.64083312564523
187.7100067138672,190.947593618213
398.4599914550781,400.55506005004975
222.91000366210938,222.32527233206346
364.64666748046875,362.50757460939053
223.1300048828125,222.7415676211306
206.16000366210938,203.22955092482195
352.510009765625,355.2949653480681
405.760009765625,407.6829467304743
260.54998779296875,265.5450936070986
259.5199890136719,261.84210686550557
137.1999969482422,136.2732894452175
94.56999969482422,95.62880217848146
190.39999389648438,190.13913626656898
384.79998779296875,375.3942669180227
144.59649658203125,143.11678846667726
142.7779998779297,141.6721653893039
432.9200134277344,427.8131532532544
234.35000610351562,236.50717643505808
167.6300048828125,170.74089501331568
104.63999938964844,105.94579180976174
209.9499969482422,212.67323303785687
138.4199981689453,137.19506840802478
151.2899932861328,151.83612100183072
215.1999969482422,213.71753598405797
310.9800109863281,309.2750234204336
114.44499969482422,115.06029030225788
288.0899963378906,295.7532147871659
442.6000061035156,445.711100713894
507.1600036621094,511.4662921972043
280.07666015625,272.78159016481686
161.4915008544922,161.405198827969
304.05999755859375,301.18398358378874
225.99000549316406,225.59640654883583
145.52450561523438,148.37537835319688
106.9000015258789,112.08930680372094
166.1300048828125,162.93356593888845
165.2100067138672,165.00831042603224
131.39999389648438,130.59658656098637
173.44000244140625,172.80147152269694
151.72999572753906,152.31007635899266
362.8900146484375,353.09568150994585
139.69000244140625,139.6106085721265
143.97799682617188,141.12531627527113
358.42999267578125,363.16107240030703
202.6699981689453,201.94215711006828
271.8399963378906,274.3308001144678
178.41000366210938,181.59218701831503
230.7100067138672,229.26107566251852
139.6374969482422,141.66295947458872
216.24000549316406,213.68393124078253
180.19000244140625,182.4584599985292
157.9600067138672,156.38848164036972
171.7899932861328,172.51639983547838
302.25,299.70330466286157
183.27999877929688,187.25405866536326
235.4499969482422,235.0722948704693
260.0199890136719,264.34632299168345
247.4499969482422,247.5146727721286
202.3800048828125,208.9283671847313
143.17999267578125,142.7620525850309
118.19000244140625,117.75661950896128
173.92999267578125,175.03486731611943
367.9599914550781,374.8819004976293
254.42999267578125,255.69348616464342
302.6199951171875,304.1777952314345
193.1199951171875,195.67963580582872
182.0,182.92335436833181
187.0,185.30189944536426
387.510009765625,388.6843818304337
296.4533386230469,292.8559081880476
242.05999755859375,239.87271010137465
189.97999572753906,189.53607185205934
295.6300048828125,293.481849574286
513.5800170898438,510.4967174420425
250.1999969482422,248.7775093125134
407.36334228515625,408.5004975610676
211.74000549316406,209.57817590782557
424.6199951171875,419.19393921980577
214.24000549316406,211.3148955772473
255.6300048828125,254.56337947650164
113.76000213623047,115.28573769992079
83.43000030517578,85.56443796947909
162.75999450683594,164.81747997753462
116.31999969482422,114.37644031749153
280.32000732421875,283.07682608475216
153.64999389648438,153.82613460089263
171.32000732421875,171.05412494993217
110.95999908447266,112.95691330813887
144.44500732421875,146.2228668875238
410.5400085449219,408.93448539767064
242.0399932861328,242.33951326877042
268.55999755859375,267.7934967695845
449.7200012207031,453.97312328702105
157.7845001220703,157.83230842500856
301.3699951171875,298.89727740250805
210.63999938964844,210.38295599825418
266.25,270.8014344166518
334.6000061035156,347.4075680145087
233.0,230.983216145594
278.8500061035156,277.3853665047868
156.510498046875,156.8761171254581
507.2300109863281,505.6986568092748
236.60333251953125,245.34658101392176
176.3800048828125,176.33668917351903
231.73333740234375,230.99777169771414
245.22000122070312,246.52258079497847
407.7799987792969,407.8631057520645
98.23999786376953,100.40201148073632
325.30999755859375,329.3724203446259
164.95899963378906,165.3345681211512
438.1700134277344,439.01530629753483
263.45001220703125,268.4811357897164
328.6000061035156,332.7435622143282
165.83999633789062,165.94431397333645
193.17999267578125,192.78907125776513
183.14999389648438,182.19801802260787
113.26300048828125,108.8573096890381
141.49000549316406,141.19655879002843
218.14999389648438,219.15686350216552
222.1300048828125,222.31247716858334
149.6199951171875,149.91912741972777
289.9800109863281,283.4576969194313
199.39999389648438,195.6486186228233
137.73800659179688,136.5993293469863
249.32000732421875,252.1096387247147
425.2200012207031,421.991341865501
235.83999633789062,235.4600623445775
175.83999633789062,176.19789953880152
217.9600067138672,218.1242938866711
425.5199890136719,421.5315053562506
186.27999877929688,185.8714366180065
226.1699981689453,221.88286414374284
147.4199981689453,146.32569312180087
165.3300018310547,164.90402524487743
487.6499938964844,480.9973775730971
142.8300018310547,143.16094306796631
290.92999267578125,292.8993670235478
138.4600067138672,137.60386925481393
143.75999450683594,142.66462895686473
284.17999267578125,279.40610117610527
207.6699981689453,208.8463491591019
259.3399963378906,259.8797814528539
162.13800048828125,160.82394845611194
260.3999938964844,258.38830649202566
308.7200012207031,309.04502868847226
253.9199981689453,250.40845223154216
387.82000732421875,386.33268653680204
420.7699890136719,422.2569670174531
187.05999755859375,185.08224652163688
292.1400146484375,319.40050361223075
147.9199981689453,149.4816441564229
341.25,342.35597977236694
512.5700073242188,514.7689439862587
401.0199890136719,393.2457139893229
175.16000366210938,175.92152376198726
274.0299987792969,279.44748987178355
135.9980010986328,136.31564206338237
147.0399932861328,146.0857082668539
111.19999694824219,111.03239606508743
452.94000244140625,449.96247878429597
449.7799987792969,448.0915430030417
276.20001220703125,268.4682202010722
336.44000244140625,332.95382015060534
163.63999938964844,161.23857021255552
246.02999877929688,252.25618922693863
385.7300109863281,388.12010238370374
250.1999969482422,251.3001094347126
426.8900146484375,424.3452813105456
185.32000732421875,185.42852789782287
223.66000366210938,224.80214463688705
414.010009765625,411.286913224674
224.9199981689453,221.79748285401615
459.8599853515625,459.1094940004833
265.010009765625,261.7512842452621
169.5675048828125,171.21017704261936
127.81999969482422,126.03870169972605
305.7200012207031,306.7058731616554
263.0400085449219,260.6791027191763
132.8300018310547,132.7683638534755
335.8500061035156,335.43145471104265
116.33000183105469,114.92601674805611
145.2154998779297,145.4048591560947
461.9700012207031,458.6002490050006
174.72999572753906,175.52119825328245
130.99000549316406,129.84010706563012
178.52999877929688,174.92803957609183
418.95001220703125,421.39029113226957
332.6400146484375,332.5578797192974
319.5033264160156,315.8482951017953
288.760009765625,286.16066931851606
321.6700134277344,316.5088134634565
244.39999389648438,248.35377089440553
290.2533264160156,300.97568095888016
186.5399932861328,182.7075667896759
184.80299377441406,180.81835091022623
193.97000122070312,192.64495044953262
179.66000366210938,179.31542897145937
238.14999389648438,238.35532574398366
222.14999389648438,242.57404456055616
168.58999633789062,168.8558329099109
288.1233215332031,290.5292413966516
142.41000366210938,141.6221993044591
152.33999633789062,150.82462073956336
254.9600067138672,252.06075857864934
444.1099853515625,447.9856465785176
129.66000366210938,130.949014988093
92.83000183105469,93.66083788997557
141.8975067138672,144.3004325522
171.3699951171875,175.39841850938572
389.1000061035156,390.7106793765988
314.0,312.4542851221918
270.2200012207031,275.35620297992637
478.1099853515625,479.81002435225116
440.3699951171875,441.0623973709693
156.7899932861328,154.22027852051792
227.3699951171875,227.96926911615796
138.9199981689453,138.02771512404982
128.1300048828125,129.45945627467646
266.6499938964844,266.0964198992517
389.4700012207031,387.56902513382215
101.16000366210938,99.69513455924141
171.52000427246094,172.84592071289075
296.7099914550781,303.3872368571633
171.55999755859375,172.69350843535966
318.3399963378906,317.2545198436959
119.69999694824219,120.37161534584938
424.1600036621094,421.5099233829844
408.4599914550781,408.5137536981273
404.6000061035156,407.77925587455513
184.3000030517578,184.88232067839525
427.92999267578125,425.7647694895186
440.3999938964844,430.1349706153186
356.8999938964844,362.0747269989098
305.2200012207031,303.2397057359865
174.1199951171875,175.7856949500505
132.08999633789062,131.89510974010147
403.32000732421875,394.53960003030716
382.19000244140625,376.86403026135224
140.94000244140625,142.0228408763121
90.52999877929688,91.24279217672587
308.260009765625,301.1470760901683
118.54000091552734,121.72403371640178
260.25,259.1405987418432
159.07000732421875,159.81622671724853
179.66000366210938,183.25978223976827
133.55999755859375,134.5725812078958
154.6199951171875,155.27670998747539
195.7100067138672,194.7149931492423
119.7699966430664,120.39100057698339
327.92999267578125,331.1902053581223
254.5,251.99387080852077
165.35000610351562,164.14052816999725
275.1499938964844,283.5832377126367
177.66000366210938,178.77761996414833
95.2699966430664,96.10851699467821
129.1300048828125,129.21952840698683
402.6199951171875,391.4477268419853
191.97000122070312,194.9772677505023
401.1400146484375,397.9952940785232
404.8699951171875,404.5404144159294
258.0899963378906,255.5855688381457
167.8699951171875,173.63521564105605
301.5400085449219,309.2823508240542
161.47999572753906,167.7087816457564
195.0399932861328,191.94265039086898
437.3900146484375,446.9631800416885
270.0199890136719,270.7268954797785
137.13999938964844,138.13088399105584
212.77000427246094,212.56004086198232
330.5299987792969,335.2500782288097
199.75,200.5560475568461
258.8699951171875,261.91070678934545
193.5800018310547,194.02780681697345
248.16000366210938,248.5495618060382
146.8699951171875,142.8609857050785
242.0500030517578,242.43402302052525
83.04000091552734,84.59628544323294
440.3599853515625,441.3337206306111
361.5333251953125,363.34448995766263
364.260009765625,365.5028005680888
474.0,473.25498868199816
159.58999633789062,157.43319851685865
114.55999755859375,116.8274539135193
103.29000091552734,102.67568918885166
145.42999267578125,146.3485399686023
180.08999633789062,178.39954541663917
334.9700012207031,333.8345076614447
266.1700134277344,269.97732770447794
338.19000244140625,340.6099166154378
409.42999267578125,405.70152465129513
233.6699981689453,233.27619043164137
278.7799987792969,279.9532346162342
215.57000732421875,215.74176477200606
331.1600036621094,330.92463211854067
107.14350128173828,106.72895518236427
357.75,360.55916193907103
128.25,130.60794540431576
225.91000366210938,228.30096560768527
93.94999694824219,94.78991513906078
378.6099853515625,377.808723261094
243.0399932861328,243.5897215245345
374.32000732421875,370.66872203552157
152.05250549316406,150.9738493436566
520.5399780273438,521.2398394255196
282.29998779296875,280.09849758796986
208.6199951171875,209.51332028463221
120.83999633789062,120.13229065545633
211.3699951171875,212.11319125130834
219.57000732421875,220.59670033864737
140.22999572753906,140.56851513397558
474.9599914550781,476.0025624956452
502.0400085449219,502.5299249322362
238.0,241.7642755561493
129.197998046875,127.58919480022382
262.6700134277344,259.03293226839696
228.67999267578125,228.7816945540157
252.94000244140625,250.9909871480149
256.54998779296875,255.40179343638684
403.7799987792969,403.8320361559963
192.75999450683594,193.65193372917273
217.24000549316406,215.52969542016092
319.0400085449219,319.5917036884447
359.489990234375,351.75611271065
186.57000732421875,187.24622943661691
156.13999938964844,155.85971148153115
336.6300048828125,336.20787514563756
129.92999267578125,128.7881350114292
285.29998779296875,281.31573280251325
341.2699890136719,339.2081240673309
253.25,255.31979489066407
153.7100067138672,154.55392705151556
311.739990234375,311.09888420457355
257.54998779296875,259.16267362296855
268.3999938964844,266.38046444911834
166.47000122070312,166.4821660408974
336.9100036621094,336.07897426907175
117.19400024414062,117.36357928864338
143.11000061035156,139.88045016029216
244.60000610351562,242.6459456734818
115.0,116.10517492131524
408.5899963378906,410.54975366395456
421.0299987792969,419.431307305234
236.86000061035156,232.78169285102743
209.0500030517578,210.74781205729337
134.9499969482422,135.38740733903285
313.7200012207031,317.25659903406336
174.8300018310547,173.00851116783892
271.3500061035156,271.7400065480332
172.0,173.44496750171336
120.58000183105469,121.07184846999726
133.22000122070312,135.0832996321233
179.4600067138672,178.3991354688794
219.57000732421875,220.79967053956597
299.7900085449219,299.64803682033414
359.20001220703125,363.8547490821652
126.7300033569336,129.25921878200782
193.1300048828125,194.8070264728086
138.8455047607422,142.0525911169544
256.7900085449219,257.8476942930372
355.0799865722656,358.9043561973514
201.2899932861328,198.2798978888279
162.74000549316406,156.20651066636785
524.9400024414062,528.7577211934981
280.07000732421875,285.65320511978643
284.04998779296875,283.3697109757294
91.11000061035156,90.7951976210541
91.6500015258789,91.54912294624172
115.1500015258789,114.75624263982098
240.13999938964844,239.4504300877432
233.39999389648438,233.56206204316302
324.3500061035156,323.4874602001079
236.8699951171875,233.02069189411608
395.6300048828125,391.0608955937306
235.07000732421875,235.5455065646589
231.77999877929688,231.21157226641438
130.14999389648438,131.43439526835343
94.25,94.77860714514809
162.9499969482422,161.65707321757168
155.3300018310547,153.97862098761826
138.55999755859375,139.1286805536813
251.2133331298828,251.26183816427599
172.89999389648438,174.49288322369296
295.1400146484375,298.9050186295449
160.10000610351562,161.12120289575864
96.94000244140625,97.45485445205097
313.8500061035156,313.92134499570307
102.41000366210938,102.4409027181105
355.98333740234375,342.12914472195325
130.3800048828125,130.49975179230137
166.88999938964844,169.3113034908804
399.1499938964844,389.5582607311202
253.13999938964844,254.51074122502237
323.70001220703125,324.449835120997
388.9100036621094,388.1426481252016
428.2200012207031,415.2977233416008
346.8699951171875,352.3231066077826
319.4100036621094,321.63552551688133
264.5799865722656,268.65907132211964
282.760009765625,264.27626183912264
100.04000091552734,97.68977983393596
158.05999755859375,157.39850743018266
167.0,166.51645347899657
137.7274932861328,137.38998885438497
231.47999572753906,232.28851581166953
399.4100036621094,400.75379333903663
288.6000061035156,288.05426677468756
175.35350036621094,177.54310510817143
145.76649475097656,146.55486482579838
215.49000549316406,215.0159906758332
163.75999450683594,163.9719998067422
458.9599914550781,451.11118607370054
178.6699981689453,176.6027092791758
304.9100036621094,306.8604871255827
246.4600067138672,245.6237585909472
98.68000030517578,99.62635121782863
252.39999389648438,254.46696025515425
145.88999938964844,145.27530394905318
198.11000061035156,198.0696905872325
230.3000030517578,230.83855142305893
164.2100067138672,163.72532757623406
186.88999938964844,187.31452910715737
416.7200012207031,420.0587668721307
108.0999984741211,114.65358039135079
171.80999755859375,169.9702003000416
189.99000549316406,191.3047102947701
173.86000061035156,172.21143247494737
166.77000427246094,167.1608251629716
110.26000213623047,111.50162354915545
174.3300018310547,175.7260542073186
97.23999786376953,97.7112707359409
260.04998779296875,260.22197240688683
221.3300018310547,221.13042439585004
255.7100067138672,264.50676273092506
166.22999572753906,169.24210093208936
239.1199951171875,238.41537806775395
140.04150390625,138.87305566766818
287.55999755859375,281.1410878354252
115.25,115.32329781518013
374.510009765625,375.38903295477235
431.44000244140625,426.60205552407456
222.72000122070312,218.22678555283915
299.7200012207031,298.86753107314064
173.5399932861328,172.07272882316778
450.95001220703125,448.69507751892263
117.51000213623047,117.03439706166799
402.86334228515625,386.3963085570248
416.0299987792969,416.3588641212127
226.75999450683594,226.53400902110283
89.0199966430664,88.30111828924859
127.12999725341797,128.24423050115328
172.19000244140625,174.93279434608718
146.8300018310547,146.6010627905749
190.22999572753906,191.18648229881688
214.25,218.2186577505404
213.30999755859375,212.1318036817618
194.27000427246094,194.14770244142247
363.7533264160156,375.3468165893912
214.47000122070312,215.7620641402104
106.93049621582031,105.69430228259573
177.14999389648438,176.74447694023135
199.9499969482422,201.1464668111592
350.0,347.53992835723295
164.21400451660156,163.74363141662164
88.25,90.02149966656287
368.80999755859375,355.8398826821939
431.4599914550781,433.44197751378954
400.9599914550781,399.4937494575563
342.32000732421875,352.581715218696
290.3800048828125,287.77663442087487
333.260009765625,329.9135148999578
209.77000427246094,207.93577413033273
428.5,428.82782204530224
423.0400085449219,416.3154279676428
177.03500366210938,177.4231670330624
187.0399932861328,186.53025377174575
169.75,169.03366241262498
173.9499969482422,175.13575509814322
164.88900756835938,163.37293949760115
189.6999969482422,188.99269038120343
189.3000030517578,187.71838182493732
157.8699951171875,155.50579081954263
237.3000030517578,239.69908744451047
140.15049743652344,139.46966119235643
189.55999755859375,188.9314084576509
267.70001220703125,263.8651395826388
240.35000610351562,238.67367023125976
288.29998779296875,285.34897672334637
202.08999633789062,204.4333237620002
227.64999389648438,229.14862750220007
149.10000610351562,147.5325674231797
138.97999572753906,140.01275177213697
392.7799987792969,398.16368924332676
175.16000366210938,176.0128032951529
349.6000061035156,352.2393511040483
274.3399963378906,276.89118295338096
315.80999755859375,316.3451109101957
272.2900085449219,275.57849104113325
307.7966613769531,304.70125658646543
398.8999938964844,396.2808114367044
145.92999267578125,144.66399703738693
105.80500030517578,105.21502770115312
323.1700134277344,319.43997589563105
168.64450073242188,169.7668868003047
244.38999938964844,240.79507770628229
252.63999938964844,258.14790571563424
113.77999877929688,114.8757894078859
342.0899963378906,337.72032842643796
390.989990234375,388.4907410794667
258.5199890136719,257.56783182733795
217.8000030517578,219.6468660088399
94.3499984741211,94.62799124487148
172.36000061035156,173.50491619844541
129.87049865722656,132.37746544693167
416.55999755859375,431.06520475780496
163.97999572753906,161.89892406116257
252.30999755859375,254.0493532311979
188.3800048828125,194.0496383346873
110.62999725341797,109.80067476716543
178.3000030517578,179.55399328884184
213.97000122070312,212.8022480231903
225.75,225.7414361710001
207.6699981689453,212.47204398650607
223.75,224.20043485141215
272.24334716796875,276.1414003395563
209.27000427246094,203.21113100997044
225.33999633789062,223.89133484430738
308.82000732421875,307.8187526217556
294.29998779296875,297.85609241185614
435.1499938964844,434.0081497974056
234.63999938964844,235.80429366846184
185.6699981689453,186.31647534116314
369.57000732421875,380.72740078931326
413.1199951171875,415.801642150259
233.13999938964844,231.26360048992652
189.25,188.56826384061068
162.13999938964844,162.98283208460927
247.13999938964844,254.73503370086226
150.6125030517578,153.22388547078643
254.69000244140625,253.64337571703098
272.05999755859375,278.437829679847
191.60000610351562,190.14216206358358
227.47999572753906,232.15121470392714
497.7200012207031,496.97426545488327
168.49000549316406,169.86589204711828
222.8800048828125,223.92882256926217
202.94000244140625,202.40773781154488
273.67999267578125,274.4068080352381
216.3699951171875,223.67052901994984
130.00900268554688,128.39693516450416
150.02000427246094,149.7884236691429
337.2200012207031,339.32224445470433
140.4199981689453,140.47757806827843
263.75,263.0949347978328
143.90699768066406,143.30294778442644
136.01449584960938,137.23585042363604
259.20001220703125,258.8811388223306
133.3074951171875,135.68211070820638
137.6439971923828,136.75470645083783
275.3299865722656,280.2681552182769
258.8599853515625,256.1974745741801
167.00999450683594,170.50668132221043
277.17999267578125,278.3721080500112
162.9600067138672,162.58986233913288
266.42999267578125,260.9294442112508
311.2099914550781,309.7224200239184
173.16000366210938,172.95241668416458
239.7066650390625,248.32960156743363
184.50999450683594,180.76306660339588
279.82000732421875,278.8897843139846
238.4499969482422,242.6225371923102
163.97999572753906,166.04889844332712
234.11000061035156,233.91570746992986
193.88999938964844,193.41439953506088
196.0,195.86606532606393
475.19000244140625,482.7563442025098
137.77499389648438,142.3474463901188
268.75,271.1508072250932
194.77000427246094,195.17517688177978
176.57000732421875,177.47368404515444
154.77999877929688,156.03681199483847
163.42999267578125,161.3155707850046
129.8939971923828,128.74744768412776
417.1099853515625,420.4342137808285
107.51000213623047,108.28219787116686
219.36000061035156,222.1943308686255
227.26333618164062,226.61740931236335
175.52999877929688,176.2029859924456
244.69667053222656,245.29988205916948
111.48799896240234,110.25251736331472
